A,Mean,Error
Protein,2.0472385735558754,0.23988992724498734
CO2,11.51173538625027,0.7418352467693875
Organic,2.596027761438866,0.4366420725056595
Glycolysis,20.648088227031423,1.4219763132376766
PPP,33.55985286544474,2.2127428683351797
AA,1.3378568996859552,0.18815708942079976
Energy,0,0
Other,19.271481080529124,1.0986450752796375
